{
  "project_info": {
    "project_number": "1089116292798",
    "firebase_url": "https://seekooh-e2084-default-rtdb.firebaseio.com",
    "project_id": "seekooh-e2084",
    "storage_bucket": "seekooh-e2084.appspot.com"
  },
  "client": [
    {
      "client_info": {
        "mobilesdk_app_id": "1:1089116292798:android:036b374f6d921f0d1740ef",
        "android_client_info": {
          "package_name": "com.jeuxdevelopers.seekooh"
        }
      },
      "oauth_client": [
        {
          "client_id": "1089116292798-ah492u3ms6d0ned44362dk9grlo4irmh.apps.googleusercontent.com",
          "client_type": 1,
          "android_info": {
            "package_name": "com.jeuxdevelopers.seekooh",
            "certificate_hash": "d280919e17d8f33a7fb6dd44e46e5505201afd55"
          }
        },
        {
          "client_id": "1089116292798-pf8j4hiru2039ufpbql8p4dgvqka9v1j.apps.googleusercontent.com",
          "client_type": 1,
          "android_info": {
            "package_name": "com.jeuxdevelopers.seekooh",
            "certificate_hash": "b962c8a4f7b5920ada4c16a29fc4a6a48da1380c"
          }
        },
        {
          "client_id": "1089116292798-739n2nf3j3ndjstlebc2t5748lcpfbms.apps.googleusercontent.com",
          "client_type": 3
        }
      ],
      "api_key": [
        {
          "current_key": "AIzaSyAAiJ8L2ObwjpcA2mI9FDtyiY1PUA3f5jM"
        }
      ],
      "services": {
        "appinvite_service": {
          "other_platform_oauth_client": [
            {
              "client_id": "1089116292798-739n2nf3j3ndjstlebc2t5748lcpfbms.apps.googleusercontent.com",
              "client_type": 3
            }
          ]
        }
      }
    }
  ],
  "configuration_version": "1"
}